1,Suzie Brounsell,1977-03-17
2,Kacy Malkie,1954-01-03
3,Piggy Ilbert,1963-07-23
4,Kennan Beecroft,1982-07-21
5,Kurt Dymick,1973-06-01
6,Biron Castleman,1955-06-26
7,Teddi Jeram,1951-01-10
8,Umeko Eagland,1921-06-17
9,Antone Pavlenkov,1975-04-27
10,Hunt Shrubshall,1949-05-30
11,Guilbert Dranfield,2018-07-31
12,Nikolaos Donahue,1988-11-29
13,Jeramie Stollman,2001-08-18
14,Marissa Antoniewski,1970-04-20
15,Zita Conaghan,1987-04-18
16,Xaviera Oulner,1977-01-19
17,Shoshana Kerwen,1967-01-12
18,Gunner Schrinel,1957-03-14
19,Tristam Tchir,2003-09-08
20,Maurits Rawne,1983-06-12
21,Melany Halburton,1963-05-25
22,Les Vernazza,1948-12-10
23,Manuel Yeates,1978-11-08
24,Roley Stodhart,1965-01-04
25,Madelaine Castagneto,1965-10-20
26,Ashli Snowsill,1997-11-30
27,Sarah Chaperling,1967-03-23
28,Shina Buckoke,2015-01-09
29,Maddie Edgworth,1972-12-02
30,Emmanuel Henryson,1998-07-10
31,Beverly McSperron,2013-03-13
32,Kerrill Worsfield,1975-09-23
33,Jessamine Cardillo,1998-07-25
34,Garwood Jeannenet,1924-11-30
35,Fairfax Stapley,1926-12-11
36,Nani Vaz,1943-07-28
37,Howard Jeffery,1975-07-15
38,Zebedee Viel,1927-03-17
39,Sadella Leeburne,1971-07-02
40,Newton Farrin,1973-10-16
41,Louie Kits,2007-02-13
42,Alvie Spileman,1976-09-25
43,Catharina Whale,1973-02-28
44,Aubrette Britton,1969-03-13
45,Martyn Rolling,1937-10-11
46,Chrotoem Murthwaite,2011-02-01
47,Shani Sprackling,1921-05-20
48,Blake Callister,1962-02-10
49,Torrey Lillywhite,2015-05-21
50,Rex Doyle,1969-03-10
51,Gonzalo Noor,2020-10-19
52,Nerissa Jirusek,1987-11-18
53,Idalia Cordelette,1949-02-09
54,Marvin Thorburn,1986-02-09
55,Yvon Physick,1947-09-14
56,Leeland Fishpoole,2015-05-19
57,Jo-anne Haestier,1935-09-16
58,Bella Titcom,1964-10-02
59,Aprilette Gamble,2005-04-16
60,Jeniece Pawellek,2020-07-23
61,Melisenda Samwaye,1922-06-16
62,Linn Hallex,1976-02-25
63,Dani Kobiera,1990-05-28
64,Conan D'Cruze,1930-12-15
65,Shellysheldon Pesticcio,1926-03-16
66,Eustace Pargeter,2000-09-16
67,Broddie Quaintance,1971-12-21
68,Kerby Sheasby,1951-10-16
69,Felicia Kleynermans,2016-04-06
70,Anabal Antuk,1981-12-13
71,Stanton Brasted,1965-08-28
72,Mel Callan,2012-12-22
73,Nye Pendergrast,1924-12-12
74,Lyndsey Challes,1932-02-17
75,Tan Mowling,1960-01-14
76,Meir Shedd,2005-03-11
77,Boigie Dury,1971-09-27
78,Van Deacock,1991-12-22
79,Livia Quiney,1976-03-20
80,Pippy Humberston,1951-11-07
81,Bryce Paskell,1991-07-04
82,Chloette Murrhaupt,1947-08-12
83,Dollie Diss,2014-03-27
84,Dino Alvis,1989-12-09
85,Jeane Toderini,1958-03-30
86,Ambros Rove,2015-05-30
87,Rycca Tupman,1924-02-05
88,Ema Pyffe,1956-07-09
89,Mohammed Budding,1936-06-22
90,Lind Bonnavant,1944-06-27
91,Mildred Desvignes,1924-02-03
92,Galven Duggan,1925-09-18
93,Denver Steabler,1933-08-04
94,Rennie Poynton,2007-06-04
95,Essie Blunt,1947-06-13
96,Liesa Fernan,1968-07-28
97,Reinald Flatman,2004-12-23
98,Gonzalo Dellenbroker,1960-08-25
99,Wadsworth Fasson,2006-05-29
100,Paxton Lovelock,1932-12-19
101,Jasper Collibear,1944-03-28
102,Valentino Cadden,1965-01-07
103,Jennette Kilbee,1923-04-03
104,Uriel Di Giacomettino,1929-09-30
105,Ernaline Spragg,2020-01-27
106,Leoine Yellowlee,1978-06-28
107,Kalie Eberz,1991-10-14
108,Quintus Matisoff,2020-07-10
109,Maurizio Parfitt,1960-05-28
110,Orville Feast,1936-09-15
111,Chicky Morison,1956-05-27
112,Barry Fancott,2011-03-11
113,Cyndie Eastgate,1937-04-13
114,Sephira Reinbech,1935-05-29
115,Spike Thow,1944-04-12
116,Henderson Nolder,1949-06-24
117,Jamie Escott,1980-08-05
118,Beltran Santhouse,1988-12-06
119,Evelin Stadden,2004-02-18
120,Antonius McCathay,1975-09-01
121,Agnes Iacobo,1928-05-03
122,Skipton L'Episcopi,1937-08-23
123,Kikelia Legerton,1987-04-12
124,Valerye Pierton,2002-12-02
125,Reggie Rydzynski,2014-03-21
126,Marisa Shelper,1993-06-27
127,Kim Oakes,1958-03-21
128,Stewart Brookton,1934-11-02
129,Olivier Wickey,1991-02-02
130,Kincaid Pearse,1931-12-12
131,Doug Jagiello,2019-11-19
132,Bradney Cliff,2012-12-07
133,Yurik Elleyne,1966-06-22
134,Deina Berrington,1944-10-14
135,Cirillo Faers,1957-06-19
136,Federica Driffe,1957-03-19
137,Loralie St. Hill,2017-12-16
138,Valentia Braidley,1944-01-16
139,Margarethe Lambertz,2016-06-01
140,Johna Sandes,1940-03-22
141,Reyna Coultas,1957-08-24
142,Savina Marty,1947-01-15
143,Clementine Rettie,1988-12-21
144,Hayes Tuley,1939-05-28
145,Vera Grob,1971-03-15
146,Cori Kubala,1931-10-01
147,Jordan Yegorovnin,1953-07-09
148,Claudelle Risebrow,2013-08-11
149,Lishe Bryan,2004-03-19
150,Thekla Ollin,1989-05-11
151,Debby Boutellier,1984-08-19
152,Dominique Plumbridge,2007-02-01
153,Base Caunter,2005-09-12
154,Ezri Ibell,1969-06-19
155,Mauricio Josskovitz,1964-01-31
156,Lindsay Heasley,2015-12-15
157,Shanie Earthfield,1930-09-25
158,Manuel Deely,2014-04-04
159,Alecia Tessyman,1958-11-27
160,Gracia Kemball,1990-02-04
161,Taddeo Spinage,1957-10-26
162,Robina Mogford,1956-01-24
163,Carlye Duffree,1938-08-14
164,Staford Hoyes,1979-02-09
165,Clement Veillard,1993-02-13
166,Tanner Gorick,1961-10-09
167,Victor Reaman,1994-03-24
168,Delphine Gloves,1959-11-02
169,Sibelle Beggs,1978-04-17
170,Pansy Minchell,1959-04-12
171,Bertina Doucette,1987-08-16
172,Dyann Spurway,1940-11-17
173,Natal Donahue,1970-11-12
174,Jeno Seymour,1957-08-27
175,Drucie Jerzycowski,1977-04-09
176,Tamas Michin,1957-01-05
177,Armando Nickels,1921-01-20
178,Alexandre Moxon,1989-03-08
179,Harrietta Pethybridge,1968-05-18
180,Melva Wakeley,1924-04-20
181,Tucky Onele,1926-09-28
182,Cathleen Smallwood,1964-09-08
183,Noll Machon,1992-01-31
184,Beverie Keiling,1979-12-05
185,Marian Axtens,1967-01-16
186,Reamonn Gilbert,1934-01-03
187,Correna Matteoni,1938-04-07
188,Lisha Bean,2013-06-26
189,Keary Rattenbury,1957-10-23
190,Wilfred Grocock,1972-08-05
191,Phip Laughlin,1990-10-05
192,Briggs Paine,1989-05-25
193,Dalila Mongain,1951-04-28
194,Roma Capitano,1982-10-26
195,Ettie Heaysman,1946-08-15
196,Sonnnie McGairl,1925-11-21
197,Stormy Plumbridge,2017-01-11
198,Ulrikaumeko Llorente,1924-06-17
199,Fenelia Battaille,1972-02-15
200,Angus Perrin,1932-06-24
201,Kennedy Van Leijs,2014-05-07
202,Maible Castro,1968-02-05
203,Ario Atton,2005-09-04
204,Karlis Doudney,2011-07-29
205,Mavra Giacoppo,1932-12-19
206,Philippe Baelde,1972-05-10
207,Carmella Woollam,1933-03-19
208,Yehudit Samwyse,1926-03-14
209,Lester Malthus,2017-02-25
210,Patricio Skerm,1926-08-10
211,Boone Darrigrand,1924-12-22
212,Ruddie Belsher,1983-11-14
213,Hastings Upwood,1938-11-27
214,Ingar Brason,1940-05-28
215,Leontyne Jado,2014-08-11
216,Kirstyn Van der Velden,1964-10-29
217,Kiersten Harrowing,1974-02-08
218,Moreen Haymes,1939-04-08
219,Aindrea Tal,2007-10-28
220,Maurie Marquand,2009-10-09
221,Laurette Faherty,2005-04-05
222,Dominik Horribine,1935-02-07
223,Shermie Cobbled,1988-09-01
224,Wyn Stennine,1993-04-18
225,Anson Riseborough,1996-01-07
226,Kristopher Greetland,1980-02-09
227,Quinn Wulfinger,1987-12-31
228,Elli Jahner,1973-11-23
229,Katleen Borer,1948-07-20
230,Thatcher Tanswill,2018-12-08
231,Geoff Chevin,1984-03-08
232,Ardisj Allman,1961-10-20
233,Enrique Salters,1956-07-19
234,Annnora Rosewall,1946-01-18
235,Vikky Mattholie,1998-09-14